stateProvince,year,month,sighting_count
Alabama,2000,6,12
Alabama,2000,8,25
Alabama,2000,10,10
Alabama,2001,6,176
Alabama,2002,5,2
Alabama,2003,4,5
Alabama,2003,6,3
Alabama,2003,8,9
Alabama,2004,5,20
Alabama,2005,5,1
Alabama,2006,6,2
Alabama,2009,6,14
Alabama,2009,8,4
Alabama,2009,9,1
Alabama,2011,4,2
Alabama,2011,5,6
Alabama,2011,6,62
Alabama,2011,7,18
Alabama,2011,8,5
Alabama,2011,10,2
Alabama,2012,3,2
Alabama,2012,8,1
Alabama,2012,9,7
Alabama,2012,10,2
Alabama,2012,12,1
Alabama,2013,1,2
Alabama,2013,3,6
Alabama,2013,4,12
Alabama,2013,5,40
Alabama,2013,6,76
Alabama,2013,7,1
Alabama,2013,8,1
Alabama,2014,3,2
Alabama,2014,4,128
Alabama,2014,5,83
Alabama,2014,6,54
Alabama,2014,7,27
Alabama,2014,8,29
Alabama,2014,9,13
Alabama,2015,3,5
Alabama,2015,4,1
Alabama,2015,5,76
Alabama,2015,6,75
Alabama,2015,7,61
Alabama,2015,8,4
Alabama,2015,10,20
Alabama,2015,12,1
Alabama,2016,3,90
Alabama,2016,4,94
Alabama,2016,5,72
Alabama,2016,6,57
Alabama,2016,7,127
Alabama,2016,8,49
Alabama,2016,9,117
Alabama,2016,10,56
Alabama,2016,11,32
Alabama,2017,1,3
Alabama,2017,2,19
Alabama,2017,3,61
Alabama,2017,4,95
Alabama,2017,5,14
Alabama,2017,6,33
Alabama,2017,7,28
Alabama,2017,8,4
Alabama,2017,9,18
Alabama,2017,10,7
Alabama,2017,11,4
Alabama,2018,1,2
Alabama,2018,3,1
Alabama,2018,4,36
Alabama,2018,5,22
Alabama,2018,6,16
Alabama,2018,7,9
Alabama,2018,8,11
Alabama,2018,9,1
Alabama,2018,10,1
Alabama,2019,4,25
Alabama,2019,5,5
Alabama,2019,6,1
Alabama,2019,9,1
Alabama,2021,7,3
Alabama,2022,6,122
Alabama,2022,7,271
Alabama,2022,8,81
Alabama,2022,9,6
Alabama,2023,4,14
Alabama,2023,5,49
Alabama,2023,6,290
Alabama,2023,7,424
Alabama,2023,8,229
Alabama,2023,10,4
Alabama,2024,3,9
Alabama,2024,6,12
Alaska,2000,6,8
Alaska,2000,7,2
Alaska,2001,6,34
Alaska,2001,7,74
Alaska,2001,8,257
Alaska,2002,4,12
Alaska,2002,6,2
Alaska,2002,7,100
Alaska,2002,8,2
Alaska,2003,6,2
Alaska,2003,7,12
Alaska,2003,8,2
Alaska,2004,6,12
Alaska,2004,7,44
Alaska,2004,8,8
Alaska,2005,8,2
Alaska,2006,6,4
Alaska,2006,8,8
Alaska,2006,9,10
Alaska,2007,5,2
Alaska,2007,6,4
Alaska,2007,7,3
Alaska,2008,6,78
Alaska,2008,7,14
Alaska,2008,8,2
Alaska,2008,9,2
Alaska,2009,5,55
Alaska,2009,6,233
Alaska,2009,7,408
Alaska,2009,8,127
Alaska,2009,9,33
Alaska,2010,5,34
Alaska,2010,6,58
Alaska,2010,7,536
Alaska,2010,8,1417
Alaska,2011,6,11
Alaska,2011,7,55
Alaska,2012,5,2
Alaska,2012,6,120
Alaska,2012,7,848
Alaska,2012,8,21
Alaska,2013,6,64
Alaska,2013,7,621
Alaska,2013,8,208
Alaska,2013,9,2
Alaska,2014,7,34
Alaska,2015,6,60
Alaska,2015,7,603
Alaska,2015,8,6
Alaska,2016,5,6
Alaska,2016,6,277
Alaska,2016,7,940
Alaska,2016,8,54
Alaska,2017,5,4
Alaska,2017,6,145
Alaska,2017,7,826
Alaska,2017,8,79
Alaska,2018,5,14
Alaska,2018,6,80
Alaska,2018,7,456
Alaska,2018,8,36
Alaska,2019,5,20
Alaska,2019,6,128
Alaska,2019,7,450
Alaska,2019,8,246
Alaska,2020,6,136
Alaska,2020,7,636
Alaska,2020,8,170
Alaska,2021,5,6
Alaska,2021,6,42
Alaska,2021,7,172
Alaska,2021,8,38
Alaska,2022,5,3
Alaska,2022,6,6
Alaska,2022,7,961
Alaska,2022,8,70
Alaska,2023,6,797
Alaska,2023,7,84
Alaska,2023,8,13
Alaska,2024,6,19
Alaska,2024,7,343
Alaska,2024,8,487
Arizona,2000,3,1
Arizona,2000,4,4
Arizona,2000,5,1
Arizona,2000,6,6
Arizona,2000,7,6
Arizona,2000,8,420
Arizona,2001,3,9
Arizona,2001,4,618
Arizona,2001,5,302
Arizona,2001,6,84
Arizona,2001,7,167
Arizona,2001,8,542
Arizona,2001,9,758
Arizona,2001,10,3
Arizona,2002,3,142
Arizona,2002,4,144
Arizona,2002,5,192
Arizona,2002,6,113
Arizona,2002,7,170
Arizona,2002,8,215
Arizona,2002,9,4
Arizona,2002,10,178
Arizona,2003,2,2
Arizona,2003,4,1
Arizona,2003,5,5
Arizona,2003,6,6
Arizona,2003,7,40
Arizona,2003,8,471
Arizona,2003,9,26
Arizona,2004,3,1
Arizona,2004,4,72
Arizona,2004,5,835
Arizona,2004,6,1
Arizona,2004,7,238
Arizona,2004,8,6
Arizona,2004,9,4
Arizona,2005,3,1
Arizona,2005,4,43
Arizona,2005,6,5
Arizona,2005,7,144
Arizona,2005,8,129
Arizona,2005,9,48
Arizona,2006,4,12
Arizona,2006,5,25
Arizona,2006,6,1
Arizona,2006,7,2
Arizona,2006,10,2
Arizona,2007,4,34
Arizona,2007,6,93
Arizona,2007,7,105
Arizona,2007,8,169
Arizona,2007,9,1
Arizona,2008,4,34
Arizona,2008,5,38
Arizona,2008,7,10
Arizona,2008,8,10
Arizona,2008,9,17
Arizona,2009,3,25
Arizona,2009,4,3
Arizona,2009,5,11
Arizona,2009,6,4
Arizona,2009,7,10
Arizona,2009,8,133
Arizona,2009,9,93
Arizona,2009,10,14
Arizona,2010,3,7
Arizona,2010,4,51
Arizona,2010,5,46
Arizona,2010,6,43
Arizona,2010,7,75
Arizona,2010,8,94
Arizona,2010,9,14
Arizona,2010,10,8
Arizona,2011,2,1
Arizona,2011,3,5
Arizona,2011,4,10
Arizona,2011,5,8
Arizona,2011,6,106
Arizona,2011,7,22
Arizona,2011,8,77
Arizona,2011,9,19
Arizona,2011,10,6
Arizona,2012,3,2
Arizona,2012,4,6
Arizona,2012,5,113
Arizona,2012,6,457
Arizona,2012,7,62
Arizona,2012,8,142
Arizona,2012,9,31
Arizona,2012,10,13
Arizona,2013,4,14
Arizona,2013,6,49
Arizona,2013,7,19
Arizona,2013,8,29
Arizona,2014,3,65
Arizona,2014,5,88
Arizona,2014,7,49
Arizona,2014,8,26
Arizona,2014,9,18
Arizona,2014,10,1
Arizona,2015,4,1
Arizona,2015,5,6
Arizona,2015,6,40
Arizona,2015,7,10
Arizona,2015,8,29
Arizona,2015,9,3
Arizona,2016,2,3
Arizona,2016,3,6
Arizona,2016,5,4
Arizona,2016,6,38
Arizona,2016,7,31
Arizona,2016,8,137
Arizona,2016,9,6
Arizona,2016,10,13
Arizona,2016,11,3
Arizona,2016,12,2
Arizona,2017,3,1
Arizona,2017,4,7
Arizona,2017,5,10
Arizona,2017,6,24
Arizona,2017,7,66
Arizona,2017,8,85
Arizona,2017,9,32
Arizona,2017,10,1
Arizona,2017,12,1
Arizona,2018,3,21
Arizona,2018,4,44
Arizona,2018,5,16
Arizona,2018,6,14
Arizona,2018,7,37
Arizona,2018,8,103
Arizona,2018,9,30
Arizona,2018,10,17
Arizona,2019,1,1
Arizona,2019,2,7
Arizona,2019,3,20
Arizona,2019,4,11
Arizona,2019,5,33
Arizona,2019,6,24
Arizona,2019,7,99
Arizona,2019,8,356
Arizona,2019,9,22
Arizona,2019,10,4
Arizona,2019,11,11
Arizona,2019,12,1
Arizona,2020,2,1
Arizona,2020,3,10
Arizona,2020,4,19
Arizona,2020,5,20
Arizona,2020,6,5
Arizona,2020,7,11
Arizona,2020,8,6
Arizona,2020,9,5
Arizona,2020,10,5
Arizona,2020,11,1
Arizona,2021,2,1
Arizona,2021,3,10
Arizona,2021,4,3
Arizona,2021,6,1
Arizona,2021,8,7
Arizona,2021,9,8
Arizona,2022,4,3
Arizona,2022,5,10
Arizona,2022,6,3
Arizona,2022,7,11
Arizona,2022,8,64
Arizona,2022,9,2
Arizona,2023,3,1
Arizona,2023,8,298
Arizona,2023,9,1
Arizona,2023,10,1
Arizona,2024,8,193
Arkansas,2000,7,3
Arkansas,2000,9,1
Arkansas,2002,5,2
Arkansas,2002,6,2
Arkansas,2002,7,14
Arkansas,2002,8,1
Arkansas,2002,9,1
Arkansas,2003,4,4
Arkansas,2003,5,1
Arkansas,2003,6,3
Arkansas,2004,4,2
Arkansas,2004,5,1
Arkansas,2005,6,1
Arkansas,2005,8,1
Arkansas,2006,7,1
Arkansas,2007,4,1
Arkansas,2007,5,2
Arkansas,2007,6,5
Arkansas,2007,7,7
Arkansas,2008,6,2
Arkansas,2008,7,9
Arkansas,2009,6,2
Arkansas,2009,7,2
Arkansas,2015,7,169
Arkansas,2017,6,2
Arkansas,2024,9,21
California,2000,3,51
California,2000,4,127
California,2000,5,123
California,2000,6,13
California,2000,7,16
California,2000,8,17
California,2000,9,7
California,2001,2,2
California,2001,3,127
California,2001,4,14
California,2001,5,10
California,2001,6,76
California,2001,7,7
California,2001,8,6
California,2001,9,1
California,2001,10,4
California,2002,3,3
California,2002,4,36
California,2002,5,214
California,2002,6,103
California,2002,7,67
California,2002,8,61
California,2002,9,43
California,2002,10,8
California,2003,3,2
California,2003,4,12
California,2003,5,22
California,2003,6,22
California,2003,7,12
California,2003,8,2
California,2003,10,6
California,2003,11,2
California,2004,3,3
California,2004,4,4
California,2004,5,7
California,2004,6,6
California,2004,7,61
California,2004,9,3
California,2004,12,1
California,2005,3,4
California,2005,4,1
California,2005,5,44
California,2005,6,88
California,2005,7,27
California,2005,8,21
California,2005,9,4
California,2005,10,4
California,2006,3,2
California,2006,4,13
California,2006,5,12
California,2006,6,109
California,2006,7,724
California,2006,8,109
California,2006,9,1
California,2006,10,9
California,2006,12,2
California,2007,4,183
California,2007,5,115
California,2007,6,149
California,2007,7,643
California,2007,8,153
California,2007,9,4
California,2007,10,1
California,2007,12,1
California,2008,4,109
California,2008,5,71
California,2008,6,204
California,2008,7,309
California,2008,8,237
California,2009,4,67
California,2009,5,87
California,2009,6,211
California,2009,7,440
California,2009,8,223
California,2009,9,1
California,2009,11,1
California,2010,3,2
California,2010,4,2
California,2010,5,133
California,2010,6,271
California,2010,7,402
California,2010,8,353
California,2010,9,3
California,2011,3,1
California,2011,4,20
California,2011,5,255
California,2011,6,159
California,2011,7,239
California,2011,8,81
California,2011,9,2
California,2011,10,1
California,2012,3,1
California,2012,4,27
California,2012,5,274
California,2012,6,1337
California,2012,7,730
California,2012,8,379
California,2013,4,93
California,2013,5,232
California,2013,6,278
California,2013,7,387
California,2013,8,14
California,2013,9,8
California,2013,12,1
California,2014,3,4
California,2014,4,87
California,2014,5,755
California,2014,6,549
California,2014,7,271
California,2015,4,114
California,2015,5,60
California,2015,6,84
California,2015,7,58
California,2015,8,30
California,2015,9,16
California,2016,3,93
California,2016,4,75
California,2016,5,223
California,2016,6,26
California,2016,7,119
California,2016,8,126
California,2016,9,3
California,2016,10,20
California,2017,3,5
California,2017,4,27
California,2017,5,54
California,2017,6,7
California,2017,10,1
California,2018,3,8
California,2018,4,13
California,2018,5,96
California,2018,6,36
California,2018,7,11
California,2018,8,1
California,2018,9,2
California,2018,11,12
California,2018,12,11
California,2019,1,3
California,2019,2,9
California,2019,3,43
California,2019,4,98
California,2019,5,71
California,2019,6,132
California,2019,7,198
California,2019,8,133
California,2019,9,28
California,2019,10,38
California,2019,11,20
California,2019,12,37
California,2020,1,34
California,2020,2,19
California,2020,3,13
California,2020,4,20
California,2020,6,16
California,2020,7,38
California,2020,8,1
California,2020,12,1
California,2021,4,67
California,2021,5,4
California,2021,7,2
California,2021,8,2
California,2022,3,1
California,2022,4,53
California,2022,5,105
California,2022,6,131
California,2022,7,4
California,2022,10,1
California,2023,1,1
California,2023,3,1
California,2023,4,65
California,2023,5,43
California,2023,6,185
California,2023,7,22
California,2023,8,6
California,2024,3,1
California,2024,5,4
California,2024,6,66
California,2025,3,1
Colorado,2000,4,8
Colorado,2000,5,18
Colorado,2000,6,85
Colorado,2000,7,262
Colorado,2000,8,16
Colorado,2000,9,5
Colorado,2001,4,3
Colorado,2001,5,21
Colorado,2001,6,17
Colorado,2001,7,95
Colorado,2001,8,13
Colorado,2001,9,13
Colorado,2001,10,1
Colorado,2002,4,10
Colorado,2002,5,47
Colorado,2002,6,66
Colorado,2002,7,40
Colorado,2002,8,20
Colorado,2002,9,4
Colorado,2003,5,21
Colorado,2003,6,12
Colorado,2003,7,49
Colorado,2003,8,108
Colorado,2003,9,9
Colorado,2003,10,1
Colorado,2004,5,36
Colorado,2004,6,135
Colorado,2004,7,121
Colorado,2004,8,33
Colorado,2004,9,6
Colorado,2005,5,14
Colorado,2005,6,17
Colorado,2005,7,25
Colorado,2005,8,3
Colorado,2005,9,8
Colorado,2005,10,1
Colorado,2006,4,7
Colorado,2006,5,7
Colorado,2006,6,14
Colorado,2006,7,45
Colorado,2006,8,5
Colorado,2006,9,9
Colorado,2007,4,8
Colorado,2007,5,10
Colorado,2007,6,35
Colorado,2007,7,250
Colorado,2007,8,16
Colorado,2007,9,1
Colorado,2007,10,2
Colorado,2007,11,1
Colorado,2008,4,4
Colorado,2008,5,3
Colorado,2008,6,39
Colorado,2008,7,82
Colorado,2008,8,531
Colorado,2008,9,6
Colorado,2009,4,1
Colorado,2009,5,15
Colorado,2009,6,35
Colorado,2009,7,20
Colorado,2009,8,1068
Colorado,2009,9,32
Colorado,2009,11,1
Colorado,2010,5,13
Colorado,2010,6,73
Colorado,2010,7,163
Colorado,2010,8,157
Colorado,2010,9,31
Colorado,2010,10,1
Colorado,2010,11,1
Colorado,2011,3,1
Colorado,2011,6,17
Colorado,2011,7,535
Colorado,2011,8,86
Colorado,2011,9,33
Colorado,2011,12,3
Colorado,2012,3,11
Colorado,2012,4,51
Colorado,2012,5,364
Colorado,2012,6,1202
Colorado,2012,7,1185
Colorado,2012,8,1369
Colorado,2012,9,226
Colorado,2012,10,31
Colorado,2013,5,178
Colorado,2013,6,924
Colorado,2013,7,1989
Colorado,2013,8,3993
Colorado,2013,9,2112
Colorado,2014,4,11
Colorado,2014,5,961
Colorado,2014,6,2126
Colorado,2014,7,1363
Colorado,2014,8,6365
Colorado,2014,9,2325
Colorado,2014,10,123
Colorado,2015,5,5
Colorado,2015,6,56
Colorado,2015,7,79
Colorado,2015,8,362
Colorado,2015,9,2
Colorado,2015,10,9
Colorado,2016,2,2
Colorado,2016,5,305
Colorado,2016,6,349
Colorado,2016,7,495
Colorado,2016,8,342
Colorado,2016,9,90
Colorado,2017,4,6
Colorado,2017,5,152
Colorado,2017,6,477
Colorado,2017,7,365
Colorado,2017,8,54
Colorado,2017,9,16
Colorado,2018,4,8
Colorado,2018,5,278
Colorado,2018,6,940
Colorado,2018,7,981
Colorado,2018,8,934
Colorado,2018,9,41
Colorado,2018,10,1
Colorado,2019,5,2
Colorado,2019,6,58
Colorado,2019,7,77
Colorado,2019,8,88
Colorado,2019,9,2
Colorado,2020,4,49
Colorado,2020,5,716
Colorado,2020,6,268
Colorado,2020,7,490
Colorado,2020,8,373
Colorado,2020,9,302
Colorado,2020,10,42
Colorado,2021,5,9
Colorado,2021,6,115
Colorado,2021,7,264
Colorado,2021,8,197
Colorado,2021,9,435
Colorado,2021,10,41
Colorado,2022,4,2
Colorado,2022,5,91
Colorado,2022,6,51
Colorado,2022,7,60
Colorado,2022,8,108
Colorado,2022,9,23
Colorado,2023,6,83
Colorado,2023,7,172
Colorado,2023,8,286
Colorado,2023,9,6
Colorado,2023,12,1
Colorado,2024,6,497
Colorado,2024,7,218
Colorado,2024,8,224
Colorado,2025,4,1
Connecticut,2000,6,7
Connecticut,2000,8,4
Connecticut,2000,9,4
Connecticut,2000,10,2
Connecticut,2001,9,3
Connecticut,2002,5,1
Connecticut,2002,8,1
Connecticut,2003,9,2
Connecticut,2004,7,4
Connecticut,2004,8,25
Connecticut,2004,9,41
Connecticut,2005,4,4
Connecticut,2005,5,2
Connecticut,2005,6,1
Connecticut,2005,7,76
Connecticut,2005,8,42
Connecticut,2005,9,3
Connecticut,2006,5,4
Connecticut,2006,6,5
Connecticut,2006,8,1
Connecticut,2007,5,22
Connecticut,2007,6,14
Connecticut,2007,7,6
Connecticut,2007,8,2
Connecticut,2007,9,91
Connecticut,2008,4,10
Connecticut,2008,5,34
Connecticut,2008,6,9
Connecticut,2008,7,62
Connecticut,2008,8,5
Connecticut,2008,9,1
Connecticut,2008,10,1
Connecticut,2009,4,56
Connecticut,2009,5,136
Connecticut,2009,6,150
Connecticut,2009,7,184
Connecticut,2009,8,206
Connecticut,2009,9,146
Connecticut,2009,10,17
Connecticut,2010,4,43
Connecticut,2010,5,125
Connecticut,2010,6,67
Connecticut,2010,7,142
Connecticut,2010,8,128
Connecticut,2010,9,52
Connecticut,2010,10,11
Connecticut,2011,4,82
Connecticut,2011,5,167
Connecticut,2011,6,413
Connecticut,2011,7,195
Connecticut,2011,8,434
Connecticut,2011,9,109
Connecticut,2011,10,95
Connecticut,2012,3,32
Connecticut,2012,4,213
Connecticut,2012,5,248
Connecticut,2012,6,292
Connecticut,2012,7,104
Connecticut,2012,8,94
Connecticut,2012,9,140
Connecticut,2012,10,12
Connecticut,2013,4,14
Connecticut,2013,5,24
Connecticut,2013,6,180
Connecticut,2013,7,298
Connecticut,2013,8,72
Connecticut,2013,9,409
Connecticut,2014,4,37
Connecticut,2014,5,23
Connecticut,2014,6,19
Connecticut,2014,7,19
Connecticut,2014,8,9
Connecticut,2014,9,103
Connecticut,2015,4,8
Connecticut,2015,5,13
Connecticut,2015,6,14
Connecticut,2015,7,1
Connecticut,2016,3,11
Connecticut,2016,5,1
Connecticut,2016,6,1
Connecticut,2016,7,20
Connecticut,2016,8,2
Connecticut,2016,10,1
Connecticut,2017,4,2
Connecticut,2017,5,28
Connecticut,2017,6,153
Connecticut,2017,7,78
Connecticut,2017,8,70
Connecticut,2017,9,1
Connecticut,2018,4,6
Connecticut,2018,5,16
Connecticut,2018,6,11
Connecticut,2018,7,26
Connecticut,2018,8,17
Connecticut,2018,9,1
Connecticut,2018,10,2
Connecticut,2019,4,67
Connecticut,2019,5,83
Connecticut,2019,6,39
Connecticut,2019,7,42
Connecticut,2019,8,26
Connecticut,2019,9,16
Connecticut,2019,10,53
Connecticut,2020,5,1
Connecticut,2020,6,1
Connecticut,2020,7,7
Connecticut,2020,8,3
Connecticut,2021,6,1
Connecticut,2021,7,18
Connecticut,2021,8,2
Connecticut,2021,9,1
Connecticut,2023,7,5
Connecticut,2023,9,1
Connecticut,2025,5,1
Delaware,2006,8,4
Delaware,2007,8,3
Delaware,2008,7,2
Delaware,2009,6,2
Delaware,2015,7,209
Delaware,2018,5,1
Delaware,2018,8,2
Delaware,2018,9,6
Delaware,2018,10,6
Delaware,2019,4,2
Delaware,2019,5,7
Delaware,2022,9,1
Delaware,2022,10,2
Delaware,2022,11,1
Delaware,2023,10,4
District Of Columbia,2003,8,2
District Of Columbia,2004,9,4
District Of Columbia,2005,9,1
District Of Columbia,2005,10,6
District Of Columbia,2006,4,1
District Of Columbia,2006,5,2
District Of Columbia,2006,6,2
District Of Columbia,2007,5,9
District Of Columbia,2007,9,1
District Of Columbia,2008,8,1
District Of Columbia,2009,8,4
District Of Columbia,2015,4,2
District Of Columbia,2016,8,3
District Of Columbia,2018,7,4
District Of Columbia,2019,7,1
Florida,2000,1,1
Florida,2000,2,8
Florida,2000,3,16
Florida,2000,4,6
Florida,2000,5,9
Florida,2000,6,2
Florida,2000,8,11
Florida,2000,9,4
Florida,2000,10,32
Florida,2000,11,10
Florida,2000,12,5
Florida,2001,1,27
Florida,2001,2,36
Florida,2001,3,38
Florida,2001,4,37
Florida,2001,5,24
Florida,2001,6,28
Florida,2001,7,10
Florida,2001,8,2
Florida,2001,9,33
Florida,2001,10,23
Florida,2001,11,6
Florida,2001,12,9
Florida,2002,1,8
Florida,2002,2,1
Florida,2002,3,9
Florida,2002,4,5
Florida,2002,5,3
Florida,2002,6,3
Florida,2002,7,2
Florida,2002,10,2
Florida,2002,11,8
Florida,2003,3,4
Florida,2003,4,6
Florida,2003,5,6
Florida,2003,6,4
Florida,2004,4,1
Florida,2004,5,1
Florida,2004,7,2
Florida,2004,12,1
Florida,2005,7,7
Florida,2005,8,3
Florida,2005,10,6
Florida,2005,12,1
Florida,2006,4,1
Florida,2006,5,5
Florida,2006,6,11
Florida,2006,8,1
Florida,2006,10,1
Florida,2006,11,1
Florida,2007,2,4
Florida,2007,3,8
Florida,2007,4,12
Florida,2007,5,3
Florida,2007,6,8
Florida,2007,8,1
Florida,2007,10,1
Florida,2007,12,1
Florida,2008,2,3
Florida,2008,3,1
Florida,2008,5,1
Florida,2008,7,2
Florida,2008,9,3
Florida,2008,10,5
Florida,2008,12,1
Florida,2009,3,6
Florida,2009,4,2
Florida,2009,5,4
Florida,2009,8,1
Florida,2009,9,2
Florida,2009,10,2
Florida,2009,12,1
Florida,2010,2,1
Florida,2010,4,5
Florida,2010,6,1
Florida,2010,7,2
Florida,2010,9,2
Florida,2010,10,11
Florida,2011,6,2
Florida,2011,7,1
Florida,2011,8,3
Florida,2011,9,5
Florida,2011,10,6
Florida,2012,4,1
Florida,2012,7,5
Florida,2012,9,1
Florida,2012,10,2
Florida,2013,5,2
Florida,2013,6,8
Florida,2013,7,20
Florida,2013,8,1
Florida,2014,4,4
Florida,2014,9,17
Florida,2015,3,3
Florida,2015,6,104
Florida,2016,7,6
Florida,2016,9,3
Florida,2017,1,1
Florida,2017,2,2
Florida,2017,3,3
Florida,2017,4,4
Florida,2017,6,3
Florida,2017,9,6
Florida,2017,10,1
Florida,2018,5,3
Florida,2018,6,1
Florida,2019,3,6
Florida,2019,4,3
Florida,2019,6,1
Florida,2019,11,2
Florida,2021,8,2
Florida,2021,11,5
Florida,2022,2,1
Florida,2022,3,2
Florida,2022,7,2
Florida,2022,8,3
Florida,2022,9,6
Georgia,2002,4,1
Georgia,2002,6,4
Georgia,2003,5,1
Georgia,2004,7,3
Georgia,2006,3,1
Georgia,2007,4,2
Georgia,2007,7,1
Georgia,2008,7,17
Georgia,2009,7,15
Georgia,2011,4,1
Georgia,2011,5,1
Georgia,2011,8,7
Georgia,2011,10,1
Georgia,2012,4,1
Georgia,2012,5,1
Georgia,2012,7,3
Georgia,2014,4,4
Georgia,2014,8,1
Georgia,2015,3,6
Georgia,2015,7,4
Georgia,2015,8,1
Georgia,2016,6,1
Georgia,2016,7,49
Georgia,2016,8,10
Georgia,2017,6,1
Georgia,2017,8,1
Georgia,2017,10,5
Georgia,2019,6,18
Georgia,2019,7,5
Georgia,2019,8,1
Georgia,2020,4,1
Georgia,2020,7,1
Georgia,2022,6,21
Georgia,2022,7,3
Georgia,2022,10,16
Georgia,2023,6,1
Georgia,2023,7,1
Hawaii,2004,2,2
Hawaii,2005,6,3
Hawaii,2005,7,5
Hawaii,2005,8,1
Hawaii,2006,6,3
Hawaii,2006,7,4
Hawaii,2006,8,3
Hawaii,2012,1,1
Hawaii,2012,3,10
Idaho,2000,6,25
Idaho,2000,7,3
Idaho,2001,6,2
Idaho,2002,5,1
Idaho,2002,8,3
Idaho,2002,9,1
Idaho,2003,5,1
Idaho,2003,6,3
Idaho,2003,7,10
Idaho,2003,9,1
Idaho,2005,6,1
Idaho,2005,11,1
Idaho,2007,5,5
Idaho,2007,6,13
Idaho,2007,7,1
Idaho,2007,8,1
Idaho,2008,7,182
Idaho,2008,8,46
Idaho,2009,7,22
Idaho,2009,8,212
Idaho,2010,9,4
Idaho,2010,10,1
Idaho,2011,5,7
Idaho,2011,6,5
Idaho,2011,7,17
Idaho,2011,8,11
Idaho,2012,5,5
Idaho,2012,6,22
Idaho,2012,7,20
Idaho,2012,8,20
Idaho,2012,9,27
Idaho,2015,5,1
Idaho,2016,8,1
Idaho,2017,6,2
Idaho,2017,8,102
Idaho,2017,9,6
Idaho,2018,8,13
Idaho,2019,6,1
Idaho,2019,7,25
Idaho,2020,8,1
Idaho,2020,9,4
Idaho,2021,2,1
Idaho,2023,6,3
Illinois,2000,7,1
Illinois,2000,9,1
Illinois,2001,5,2
Illinois,2001,6,39
Illinois,2001,9,4
Illinois,2002,6,1
Illinois,2002,7,8
Illinois,2002,8,9
Illinois,2002,9,1
Illinois,2003,4,4
Illinois,2003,7,12
Illinois,2003,8,14
Illinois,2003,9,24
Illinois,2003,10,2
Illinois,2004,7,3
Illinois,2004,9,8
Illinois,2004,10,3
Illinois,2005,5,2
Illinois,2005,9,2
Illinois,2006,5,2
Illinois,2006,9,9
Illinois,2006,11,1
Illinois,2007,3,10
Illinois,2007,4,4
Illinois,2007,5,2
Illinois,2007,6,325
Illinois,2007,7,715
Illinois,2007,8,782
Illinois,2007,9,244
Illinois,2007,10,82
Illinois,2008,6,13
Illinois,2008,7,34
Illinois,2008,8,30
Illinois,2009,5,1
Illinois,2009,6,12
Illinois,2009,7,37
Illinois,2009,8,14
Illinois,2009,9,40
Illinois,2009,10,2
Illinois,2010,8,3
Illinois,2011,5,2
Illinois,2011,6,6
Illinois,2011,8,1
Illinois,2011,10,2
Illinois,2012,6,1
Illinois,2012,10,1
Illinois,2013,6,1
Illinois,2014,5,2
Illinois,2014,6,2
Illinois,2014,9,2
Illinois,2015,7,5
Illinois,2015,8,1
Illinois,2015,9,3
Illinois,2016,5,60
Illinois,2016,6,114
Illinois,2016,7,264
Illinois,2016,8,245
Illinois,2017,5,44
Illinois,2017,6,40
Illinois,2017,7,125
Illinois,2017,8,117
Illinois,2018,5,1
Illinois,2018,6,1
Illinois,2018,7,17
Illinois,2018,8,15
Illinois,2018,9,1
Illinois,2019,7,6
Illinois,2019,8,10
Illinois,2019,9,1
Illinois,2020,6,4
Illinois,2020,7,33
Illinois,2020,8,13
Illinois,2020,10,1
Illinois,2021,3,1
Illinois,2021,4,11
Illinois,2021,5,4
Illinois,2021,6,1
Illinois,2021,7,19
Illinois,2021,8,2
Illinois,2021,9,1
Illinois,2022,4,5
Illinois,2022,5,1
Illinois,2022,7,11
Illinois,2022,8,1
Illinois,2023,6,1
Illinois,2023,7,1
Illinois,2024,6,1
Indiana,2001,7,1
Indiana,2001,8,2
Indiana,2002,6,7
Indiana,2004,7,1
Indiana,2004,8,1
Indiana,2004,9,1
Indiana,2005,7,2
Indiana,2006,6,1
Indiana,2008,6,16
Indiana,2009,7,13
Indiana,2009,8,10
Indiana,2011,6,3
Indiana,2011,7,2
Indiana,2013,9,1
Indiana,2016,6,1
Indiana,2019,5,8
Indiana,2019,6,22
Indiana,2019,7,19
Indiana,2019,8,4
Indiana,2020,5,8
Indiana,2020,6,23
Indiana,2020,7,14
Indiana,2020,8,19
Indiana,2024,6,2
Indiana,2024,7,2
Iowa,2001,8,1
Iowa,2001,9,1
Iowa,2002,6,1
Iowa,2002,7,310
Iowa,2002,8,241
Iowa,2002,9,79
Iowa,2003,5,3
Iowa,2003,6,56
Iowa,2003,7,96
Iowa,2003,8,2
Iowa,2004,5,2
Iowa,2004,6,10
Iowa,2004,7,67
Iowa,2004,8,52
Iowa,2004,9,25
Iowa,2005,6,15
Iowa,2005,7,21
Iowa,2005,8,34
Iowa,2005,9,4
Iowa,2005,10,2
Iowa,2007,8,2
Iowa,2007,9,1
Iowa,2008,7,5
Iowa,2008,9,8
Iowa,2009,7,12
Iowa,2009,9,11
Iowa,2010,9,1
Iowa,2011,10,5
Iowa,2012,5,1
Iowa,2012,10,2
Iowa,2013,6,1
Iowa,2013,7,1
Iowa,2013,9,1
Iowa,2013,10,2
Iowa,2014,6,1
Iowa,2014,7,43
Iowa,2014,8,6
Iowa,2014,9,2
Iowa,2015,5,24
Iowa,2015,6,40
Iowa,2015,7,101
Iowa,2015,8,41
Iowa,2016,6,1
Iowa,2017,6,6
Iowa,2017,7,1
Iowa,2017,8,3
Iowa,2017,9,2
Iowa,2018,6,1
Iowa,2018,7,1
Iowa,2018,8,49
Iowa,2019,6,1
Iowa,2019,7,4
Iowa,2019,8,52
Iowa,2020,6,13
Iowa,2020,7,4
Iowa,2020,8,3
Iowa,2021,9,2
Iowa,2022,6,93
Iowa,2022,7,61
Iowa,2022,8,79
Iowa,2022,9,4
Iowa,2022,10,2
Iowa,2023,7,1
Kansas,2000,4,3
Kansas,2000,5,40
Kansas,2000,6,31
Kansas,2000,7,16
Kansas,2000,8,1
Kansas,2000,10,2
Kansas,2001,4,5
Kansas,2001,5,16
Kansas,2001,6,13
Kansas,2001,7,6
Kansas,2001,8,13
Kansas,2001,9,131
Kansas,2001,10,7
Kansas,2002,3,2
Kansas,2002,4,60
Kansas,2002,5,131
Kansas,2002,6,105
Kansas,2002,7,8
Kansas,2002,8,16
Kansas,2002,9,8
Kansas,2003,4,4
Kansas,2003,5,7
Kansas,2004,5,4
Kansas,2004,6,6
Kansas,2004,7,2
Kansas,2004,9,1
Kansas,2004,10,2
Kansas,2005,3,4
Kansas,2005,4,37
Kansas,2005,5,29
Kansas,2005,6,16
Kansas,2005,7,12
Kansas,2005,8,6
Kansas,2005,10,3
Kansas,2006,4,1
Kansas,2006,5,16
Kansas,2006,6,7
Kansas,2007,2,1
Kansas,2007,9,3
Kansas,2008,5,7
Kansas,2008,7,10
Kansas,2009,6,17
Kansas,2009,9,2
Kansas,2010,6,1
Kansas,2010,7,2
Kansas,2011,6,1
Kansas,2011,9,12
Kansas,2011,10,2
Kansas,2012,3,1
Kansas,2012,5,3
Kansas,2012,10,1
Kansas,2013,4,51
Kansas,2016,4,1
Kansas,2017,7,1
Kansas,2018,5,27
Kansas,2018,6,146
Kansas,2018,7,102
Kansas,2018,10,5
Kansas,2019,5,16
Kansas,2019,6,41
Kansas,2019,7,110
Kansas,2019,8,2
Kansas,2023,5,217
Kansas,2025,6,1
Kentucky,2000,4,1
Kentucky,2000,5,2
Kentucky,2003,3,1
Kentucky,2003,4,8
Kentucky,2006,9,1
Kentucky,2007,7,3
Kentucky,2009,7,45
Kentucky,2010,6,1
Kentucky,2010,7,2
Kentucky,2011,8,2
Kentucky,2013,7,1
Kentucky,2014,4,28
Kentucky,2014,5,242
Kentucky,2014,6,84
Kentucky,2014,7,72
Kentucky,2014,8,68
Kentucky,2014,9,94
Kentucky,2015,4,151
Kentucky,2015,5,335
Kentucky,2015,6,264
Kentucky,2015,7,257
Kentucky,2015,8,110
Kentucky,2015,9,13
Kentucky,2016,3,11
Kentucky,2016,4,33
Kentucky,2016,5,303
Kentucky,2016,6,151
Kentucky,2016,7,119
Kentucky,2016,8,1
Kentucky,2017,4,18
Kentucky,2017,5,2
Kentucky,2017,6,164
Kentucky,2018,7,8
Kentucky,2019,3,4
Kentucky,2019,4,16
Kentucky,2019,6,1
Kentucky,2019,7,2
Kentucky,2020,2,3
Kentucky,2020,3,5
Kentucky,2020,4,63
Kentucky,2021,4,44
Kentucky,2022,5,1
Kentucky,2022,9,80
Kentucky,2023,5,10
Kentucky,2023,6,74
Kentucky,2023,9,73
Kentucky,2023,10,28
Kentucky,2024,6,50
Louisiana,2000,3,3
Louisiana,2000,4,1
Louisiana,2000,6,5
Louisiana,2000,9,1
Louisiana,2001,5,1
Louisiana,2002,6,2
Louisiana,2002,7,1
Louisiana,2002,8,3
Louisiana,2002,10,2
Louisiana,2003,4,4
Louisiana,2003,5,4
Louisiana,2003,6,2
Louisiana,2003,7,6
Louisiana,2003,8,1
Louisiana,2003,9,4
Louisiana,2003,10,7
Louisiana,2009,6,4
Louisiana,2016,3,1
Maine,2000,10,1
Maine,2006,8,3
Maine,2007,7,3
Maine,2009,6,4
Maine,2009,7,17
Maine,2009,8,15
Maine,2010,6,7
Maine,2010,7,2
Maine,2012,5,3
Maine,2014,6,1
Maine,2015,7,211
Maine,2016,5,7
Maine,2016,6,12
Maine,2016,7,2
Maine,2019,7,5
Maine,2019,9,1
Maine,2021,7,36
Maine,2022,8,2
Maryland,2000,7,1
Maryland,2001,6,1
Maryland,2001,8,1
Maryland,2002,8,3
Maryland,2003,4,28
Maryland,2003,5,4
Maryland,2003,7,9
Maryland,2004,4,2
Maryland,2004,7,1
Maryland,2004,8,2
Maryland,2004,9,6
Maryland,2005,4,1
Maryland,2005,5,1
Maryland,2005,6,10
Maryland,2005,7,6
Maryland,2006,4,4
Maryland,2006,7,3
Maryland,2006,9,5
Maryland,2006,10,2
Maryland,2006,11,2
Maryland,2007,5,1
Maryland,2007,7,1
Maryland,2007,8,13
Maryland,2007,9,21
Maryland,2007,10,12
Maryland,2008,6,1
Maryland,2008,7,4
Maryland,2008,8,6
Maryland,2009,5,1
Maryland,2009,6,1
Maryland,2009,8,28
Maryland,2009,9,47
Maryland,2010,4,5
Maryland,2010,6,36
Maryland,2010,8,25
Maryland,2011,4,1
Maryland,2011,5,15
Maryland,2011,6,16
Maryland,2011,7,16
Maryland,2011,8,1
Maryland,2012,6,1
Maryland,2012,9,1
Maryland,2013,4,6
Maryland,2013,5,3
Maryland,2013,7,4
Maryland,2013,8,1
Maryland,2014,6,1
Maryland,2014,8,2
Maryland,2014,9,99
Maryland,2014,10,6
Maryland,2015,4,1
Maryland,2015,5,4
Maryland,2015,6,26
Maryland,2015,7,38
Maryland,2015,8,1
Maryland,2015,9,6
Maryland,2015,10,1
Maryland,2016,4,3
Maryland,2016,5,3
Maryland,2016,6,127
Maryland,2016,7,132
Maryland,2016,8,264
Maryland,2016,9,60
Maryland,2016,10,16
Maryland,2017,6,3
Maryland,2017,7,2
Maryland,2017,8,13
Maryland,2017,9,1
Maryland,2018,6,1
Maryland,2018,7,11
Maryland,2019,6,1
Maryland,2020,7,1
Maryland,2022,7,2
Maryland,2023,6,1
Maryland,2023,7,3
Maryland,2023,9,2
Massachusetts,2000,8,1
Massachusetts,2002,7,4
Massachusetts,2003,5,1
Massachusetts,2005,4,2
Massachusetts,2005,8,20
Massachusetts,2005,9,53
Massachusetts,2005,10,1
Massachusetts,2006,1,8
Massachusetts,2006,4,6
Massachusetts,2006,5,13
Massachusetts,2006,6,20
Massachusetts,2006,7,24
Massachusetts,2006,8,35
Massachusetts,2006,9,3
Massachusetts,2006,10,11
Massachusetts,2007,4,9
Massachusetts,2007,5,26
Massachusetts,2007,6,50
Massachusetts,2007,7,100
Massachusetts,2007,8,56
Massachusetts,2007,9,28
Massachusetts,2007,10,15
Massachusetts,2008,4,20
Massachusetts,2008,5,63
Massachusetts,2008,6,51
Massachusetts,2008,7,74
Massachusetts,2008,8,17
Massachusetts,2008,9,31
Massachusetts,2008,10,25
Massachusetts,2009,4,4
Massachusetts,2009,5,25
Massachusetts,2009,6,16
Massachusetts,2009,7,42
Massachusetts,2009,8,21
Massachusetts,2009,9,9
Massachusetts,2009,10,1
Massachusetts,2010,4,85
Massachusetts,2010,5,98
Massachusetts,2010,6,157
Massachusetts,2010,7,18
Massachusetts,2010,8,265
Massachusetts,2010,9,2
Massachusetts,2010,10,23
Massachusetts,2011,4,2
Massachusetts,2011,5,14
Massachusetts,2011,6,87
Massachusetts,2011,7,44
Massachusetts,2011,8,7
Massachusetts,2011,9,17
Massachusetts,2011,10,2
Massachusetts,2012,3,2
Massachusetts,2012,4,41
Massachusetts,2012,5,38
Massachusetts,2012,6,66
Massachusetts,2012,7,13
Massachusetts,2012,8,44
Massachusetts,2012,9,11
Massachusetts,2013,3,7
Massachusetts,2013,4,26
Massachusetts,2013,5,45
Massachusetts,2013,6,70
Massachusetts,2013,7,74
Massachusetts,2013,8,26
Massachusetts,2013,9,87
Massachusetts,2013,10,4
Massachusetts,2014,5,77
Massachusetts,2014,6,41
Massachusetts,2014,7,21
Massachusetts,2014,8,19
Massachusetts,2014,9,4
Massachusetts,2015,4,2
Massachusetts,2015,5,6
Massachusetts,2015,6,19
Massachusetts,2015,8,10
Massachusetts,2015,9,2
Massachusetts,2016,4,8
Massachusetts,2016,5,11
Massachusetts,2016,6,2
Massachusetts,2016,7,8
Massachusetts,2016,8,10
Massachusetts,2016,9,7
Massachusetts,2017,4,2
Massachusetts,2017,5,91
Massachusetts,2017,6,173
Massachusetts,2017,7,232
Massachusetts,2017,8,92
Massachusetts,2017,9,6
Massachusetts,2018,5,30
Massachusetts,2018,6,25
Massachusetts,2018,7,12
Massachusetts,2018,9,11
Massachusetts,2019,5,1
Massachusetts,2019,6,16
Massachusetts,2019,7,36
Massachusetts,2019,8,15
Massachusetts,2019,9,3
Massachusetts,2020,4,2
Massachusetts,2020,5,8
Massachusetts,2020,6,24
Massachusetts,2020,7,27
Massachusetts,2020,8,16
Massachusetts,2020,9,10
Massachusetts,2021,4,9
Massachusetts,2021,5,11
Massachusetts,2021,6,39
Massachusetts,2021,7,15
Massachusetts,2021,8,7
Massachusetts,2021,9,7
Massachusetts,2021,10,1
Massachusetts,2022,5,10
Massachusetts,2022,6,14
Massachusetts,2022,7,39
Massachusetts,2022,8,16
Massachusetts,2022,9,4
Michigan,2000,5,3
Michigan,2000,6,4
Michigan,2000,7,3
Michigan,2000,8,1
Michigan,2001,5,1
Michigan,2001,6,1
Michigan,2002,6,1
Michigan,2003,6,1
Michigan,2003,8,2
Michigan,2003,10,1
Michigan,2005,4,2
Michigan,2005,5,10
Michigan,2005,6,6
Michigan,2005,8,3
Michigan,2006,6,1
Michigan,2006,7,1
Michigan,2007,8,1
Michigan,2008,8,4
Michigan,2010,6,1
Michigan,2010,7,2
Michigan,2010,8,3
Michigan,2011,6,3
Michigan,2011,8,4
Michigan,2012,6,4
Michigan,2012,8,3
Michigan,2012,9,1
Michigan,2013,4,1
Michigan,2013,5,59
Michigan,2013,6,73
Michigan,2013,7,94
Michigan,2013,8,188
Michigan,2013,9,56
Michigan,2013,10,9
Michigan,2014,4,21
Michigan,2014,5,93
Michigan,2014,6,63
Michigan,2014,7,126
Michigan,2014,8,185
Michigan,2014,9,72
Michigan,2014,11,3
Michigan,2015,4,4
Michigan,2015,5,40
Michigan,2015,6,37
Michigan,2015,7,417
Michigan,2015,8,3
Michigan,2015,9,5
Michigan,2016,4,31
Michigan,2016,5,11
Michigan,2016,6,17
Michigan,2016,7,35
Michigan,2016,8,7
Michigan,2016,9,68
Michigan,2017,4,34
Michigan,2017,5,48
Michigan,2017,6,80
Michigan,2017,7,137
Michigan,2017,8,51
Michigan,2017,9,43
Michigan,2018,2,1
Michigan,2018,4,2
Michigan,2018,5,71
Michigan,2018,6,144
Michigan,2018,7,72
Michigan,2018,8,150
Michigan,2018,9,2
Michigan,2019,6,1
Michigan,2019,7,5
Michigan,2019,8,3
Michigan,2019,11,1
Michigan,2020,6,1
Michigan,2020,7,1
Michigan,2020,9,1
Michigan,2021,5,1
Michigan,2021,8,6
Michigan,2022,5,3
Michigan,2022,6,3
Michigan,2022,9,1
Michigan,2023,4,1
Michigan,2023,7,8
Michigan,2023,8,3
Michigan,2025,4,1
Michigan,2025,7,1
Minnesota,2000,5,20
Minnesota,2000,6,1
Minnesota,2000,7,22
Minnesota,2001,6,1
Minnesota,2001,8,7
Minnesota,2002,6,1
Minnesota,2002,7,86
Minnesota,2003,4,10
Minnesota,2003,7,1
Minnesota,2004,7,2
Minnesota,2007,7,2
Minnesota,2007,9,1
Minnesota,2008,5,1
Minnesota,2008,6,16
Minnesota,2008,7,1
Minnesota,2008,8,23
Minnesota,2009,6,2
Minnesota,2009,7,17
Minnesota,2009,8,6
Minnesota,2010,6,3
Minnesota,2010,7,3
Minnesota,2010,8,1
Minnesota,2011,5,14
Minnesota,2011,6,6
Minnesota,2011,7,16
Minnesota,2011,8,116
Minnesota,2011,9,4
Minnesota,2012,6,4
Minnesota,2012,7,6
Minnesota,2013,5,2
Minnesota,2013,6,3
Minnesota,2013,7,8
Minnesota,2013,8,3
Minnesota,2013,9,150
Minnesota,2013,10,28
Minnesota,2014,6,10
Minnesota,2014,7,37
Minnesota,2014,8,66
Minnesota,2014,9,10
Minnesota,2014,10,2
Minnesota,2015,5,15
Minnesota,2015,6,114
Minnesota,2015,7,302
Minnesota,2015,8,428
Minnesota,2015,9,345
Minnesota,2015,10,32
Minnesota,2015,11,2
Minnesota,2016,5,55
Minnesota,2016,6,156
Minnesota,2016,7,119
Minnesota,2016,8,180
Minnesota,2016,9,133
Minnesota,2016,10,23
Minnesota,2017,4,4
Minnesota,2017,5,131
Minnesota,2017,6,446
Minnesota,2017,7,431
Minnesota,2017,8,647
Minnesota,2017,9,274
Minnesota,2017,10,22
Minnesota,2018,4,1
Minnesota,2018,5,16
Minnesota,2018,6,128
Minnesota,2018,7,387
Minnesota,2018,8,434
Minnesota,2018,9,96
Minnesota,2019,5,6
Minnesota,2019,6,8
Minnesota,2019,7,83
Minnesota,2019,8,71
Minnesota,2019,9,17
Minnesota,2020,6,40
Minnesota,2020,7,262
Minnesota,2020,8,346
Minnesota,2020,9,158
Minnesota,2021,5,5
Minnesota,2021,6,36
Minnesota,2021,7,272
Minnesota,2021,8,209
Minnesota,2021,9,18
Minnesota,2022,6,3
Minnesota,2022,7,88
Minnesota,2022,8,200
Mississippi,2000,2,3
Mississippi,2000,3,30
Mississippi,2000,4,59
Mississippi,2000,5,158
Mississippi,2000,6,416
Mississippi,2000,7,157
Mississippi,2000,8,56
Mississippi,2000,9,52
Mississippi,2000,10,70
Mississippi,2000,11,4
Mississippi,2001,4,23
Mississippi,2001,5,7
Mississippi,2001,6,64
Mississippi,2003,2,4
Mississippi,2003,3,5
Mississippi,2003,4,3
Mississippi,2003,9,2
Mississippi,2004,3,5
Mississippi,2004,5,1
Mississippi,2004,6,1
Mississippi,2005,5,2
Mississippi,2005,6,5
Mississippi,2005,7,2
Mississippi,2006,3,5
Mississippi,2006,4,1
Mississippi,2006,5,3
Mississippi,2006,8,1
Mississippi,2008,3,1
Mississippi,2008,4,1
Mississippi,2008,5,2
Mississippi,2008,6,2
Mississippi,2008,9,2
Mississippi,2009,4,3
Mississippi,2009,5,3
Mississippi,2009,6,8
Mississippi,2009,7,1
Mississippi,2009,8,3
Mississippi,2009,9,10
Mississippi,2009,10,3
Mississippi,2010,5,1
Mississippi,2010,7,1
Mississippi,2011,5,1
Mississippi,2011,6,2
Mississippi,2011,7,1
Mississippi,2015,6,2
Mississippi,2015,7,12
Mississippi,2015,8,13
Mississippi,2016,3,2
Mississippi,2016,6,7
Mississippi,2016,7,8
Mississippi,2016,8,4
Mississippi,2016,9,4
Mississippi,2016,11,4
Mississippi,2017,4,1
Mississippi,2017,7,1
Mississippi,2017,8,28
Mississippi,2017,10,1
Mississippi,2018,5,2
Mississippi,2018,7,5
Mississippi,2021,5,61
Mississippi,2021,6,195
Mississippi,2021,7,542
Mississippi,2021,8,202
Mississippi,2021,9,75
Mississippi,2021,10,37
Mississippi,2022,4,2
Mississippi,2022,5,130
Mississippi,2022,6,724
Mississippi,2022,7,427
Mississippi,2022,8,240
Mississippi,2022,9,72
Mississippi,2022,10,2
Mississippi,2022,11,3
Mississippi,2023,2,9
Mississippi,2023,3,51
Mississippi,2023,4,7
Mississippi,2023,5,200
Mississippi,2023,6,270
Mississippi,2023,7,210
Mississippi,2023,8,67
Mississippi,2023,9,21
Mississippi,2023,10,74
Mississippi,2024,2,2
Mississippi,2024,3,26
Mississippi,2024,4,27
Mississippi,2024,5,25
Mississippi,2024,6,259
Mississippi,2024,7,442
Mississippi,2024,8,192
Mississippi,2024,9,83
Mississippi,2024,10,135
Missouri,2000,3,1
Missouri,2000,4,10
Missouri,2000,5,28
Missouri,2000,6,85
Missouri,2000,7,27
Missouri,2000,8,3
Missouri,2000,9,75
Missouri,2000,10,42
Missouri,2001,5,1
Missouri,2001,7,102
Missouri,2001,8,45
Missouri,2001,9,1
Missouri,2001,10,14
Missouri,2002,4,9
Missouri,2002,5,26
Missouri,2002,6,3
Missouri,2002,7,76
Missouri,2002,8,46
Missouri,2002,9,19
Missouri,2003,5,33
Missouri,2003,6,29
Missouri,2003,7,40
Missouri,2003,8,11
Missouri,2003,10,8
Missouri,2004,5,33
Missouri,2004,6,2
Missouri,2004,7,6
Missouri,2004,8,2
Missouri,2004,9,2
Missouri,2005,5,1
Missouri,2005,6,1
Missouri,2005,7,6
Missouri,2006,5,1
Missouri,2006,6,11
Missouri,2006,7,8
Missouri,2006,8,25
Missouri,2006,9,13
Missouri,2006,10,1
Missouri,2008,5,8
Missouri,2008,6,126
Missouri,2008,7,33
Missouri,2008,9,5
Missouri,2009,6,7
Missouri,2009,8,20
Missouri,2010,5,4
Missouri,2011,4,4
Missouri,2011,5,8
Missouri,2012,4,5
Missouri,2012,5,8
Missouri,2017,5,5
Missouri,2017,6,40
Missouri,2018,6,8
Missouri,2019,6,2
Missouri,2020,6,1
Missouri,2020,7,1
Missouri,2020,8,1
Montana,2002,9,1
Montana,2004,8,1
Montana,2005,7,5
Montana,2007,6,1
Montana,2008,8,256
Montana,2009,7,636
Montana,2009,8,467
Montana,2012,7,5
Montana,2013,6,26
Montana,2013,7,295
Montana,2013,8,56
Montana,2014,4,75
Montana,2014,5,152
Montana,2014,6,52
Montana,2014,7,135
Montana,2014,8,218
Montana,2015,4,54
Montana,2015,5,51
Montana,2015,6,121
Montana,2015,7,42
Montana,2015,8,23
Montana,2018,8,4
Montana,2020,6,4
Montana,2021,7,8
Montana,2021,9,1
Montana,2023,7,1
Nebraska,2000,5,6
Nebraska,2000,6,98
Nebraska,2000,7,186
Nebraska,2000,8,595
Nebraska,2000,9,130
Nebraska,2001,4,1
Nebraska,2001,5,14
Nebraska,2001,6,252
Nebraska,2001,7,537
Nebraska,2001,8,76
Nebraska,2001,9,111
Nebraska,2001,10,86
Nebraska,2001,11,2
Nebraska,2002,5,16
Nebraska,2002,6,19
Nebraska,2004,7,3
Nebraska,2006,8,2
Nebraska,2007,5,49
Nebraska,2008,7,8
Nebraska,2009,6,20
Nebraska,2011,7,18
Nebraska,2017,5,38
Nebraska,2017,6,30
Nebraska,2017,7,322
Nebraska,2019,5,1
Nebraska,2019,8,1
Nevada,2000,4,35
Nevada,2000,5,4
Nevada,2000,6,31
Nevada,2000,7,2
Nevada,2001,6,2
Nevada,2002,7,1
Nevada,2002,8,4
Nevada,2003,5,1
Nevada,2003,6,1
Nevada,2004,6,59
Nevada,2004,7,23
Nevada,2004,8,1
Nevada,2005,3,2
Nevada,2005,4,3
Nevada,2005,7,7
Nevada,2005,9,3
Nevada,2006,6,19
Nevada,2006,8,3
Nevada,2006,9,1
Nevada,2007,5,6
Nevada,2007,8,389
Nevada,2008,8,510
Nevada,2009,4,62
Nevada,2009,6,3
Nevada,2009,7,116
Nevada,2010,6,3
Nevada,2010,7,3
Nevada,2010,8,1
Nevada,2011,4,11
Nevada,2012,6,1
Nevada,2012,7,1
Nevada,2012,10,2
Nevada,2013,4,1
Nevada,2014,4,2
Nevada,2015,5,3
Nevada,2015,7,2
Nevada,2016,10,4
Nevada,2018,5,1
Nevada,2019,7,2
Nevada,2022,6,1
New Hampshire,2000,9,2
New Hampshire,2000,10,2
New Hampshire,2001,4,5
New Hampshire,2001,5,13
New Hampshire,2001,6,10
New Hampshire,2001,7,3
New Hampshire,2001,8,1
New Hampshire,2001,9,1
New Hampshire,2003,10,2
New Hampshire,2004,9,2
New Hampshire,2005,9,2
New Hampshire,2006,6,2
New Hampshire,2006,7,1
New Hampshire,2006,8,2
New Hampshire,2006,9,11
New Hampshire,2007,7,4
New Hampshire,2007,9,12
New Hampshire,2007,10,2
New Hampshire,2008,4,1
New Hampshire,2008,7,1
New Hampshire,2008,8,14
New Hampshire,2008,9,3
New Hampshire,2009,5,1
New Hampshire,2009,6,3
New Hampshire,2009,7,6
New Hampshire,2009,8,14
New Hampshire,2010,5,20
New Hampshire,2010,6,7
New Hampshire,2010,7,26
New Hampshire,2010,8,4
New Hampshire,2011,5,15
New Hampshire,2011,6,11
New Hampshire,2011,7,76
New Hampshire,2011,8,86
New Hampshire,2011,10,9
New Hampshire,2012,4,19
New Hampshire,2012,5,37
New Hampshire,2012,6,3
New Hampshire,2012,7,34
New Hampshire,2012,8,26
New Hampshire,2012,9,19
New Hampshire,2013,10,1
New Hampshire,2014,4,4
New Hampshire,2014,5,24
New Hampshire,2014,6,47
New Hampshire,2014,7,177
New Hampshire,2014,8,227
New Hampshire,2014,9,157
New Hampshire,2015,5,72
New Hampshire,2015,6,237
New Hampshire,2015,7,95
New Hampshire,2015,8,113
New Hampshire,2015,9,68
New Hampshire,2015,10,3
New Hampshire,2016,4,3
New Hampshire,2016,5,42
New Hampshire,2016,6,109
New Hampshire,2016,7,114
New Hampshire,2016,8,225
New Hampshire,2016,9,72
New Hampshire,2016,10,17
New Hampshire,2017,6,91
New Hampshire,2017,7,87
New Hampshire,2017,8,56
New Hampshire,2018,5,1
New Hampshire,2018,6,3
New Hampshire,2019,6,3
New Hampshire,2019,7,1
New Hampshire,2020,5,5
New Hampshire,2020,6,17
New Hampshire,2021,5,1
New Hampshire,2021,6,5
New Hampshire,2021,7,4
New Hampshire,2021,8,4
New Hampshire,2021,9,1
New Hampshire,2022,7,26
New Hampshire,2022,8,2
New Jersey,2001,6,4
New Jersey,2001,8,6
New Jersey,2002,6,3
New Jersey,2003,4,1
New Jersey,2003,6,1
New Jersey,2004,5,3
New Jersey,2010,8,1
New Jersey,2011,9,2
New Jersey,2015,7,184
New Jersey,2019,7,1
New Jersey,2020,4,4
New Jersey,2020,5,18
New Jersey,2020,6,6
New Mexico,2000,5,2
New Mexico,2000,6,2
New Mexico,2000,8,83
New Mexico,2001,3,2
New Mexico,2001,4,2
New Mexico,2001,5,5
New Mexico,2001,6,7
New Mexico,2001,7,13
New Mexico,2001,8,66
New Mexico,2001,9,1
New Mexico,2002,3,8
New Mexico,2002,4,35
New Mexico,2002,5,13
New Mexico,2002,6,14
New Mexico,2002,7,7
New Mexico,2002,8,17
New Mexico,2002,9,1
New Mexico,2002,10,2
New Mexico,2003,2,1
New Mexico,2003,3,30
New Mexico,2003,4,15
New Mexico,2003,5,18
New Mexico,2003,6,13
New Mexico,2003,7,6
New Mexico,2003,8,4
New Mexico,2003,9,11
New Mexico,2003,10,1
New Mexico,2004,2,3
New Mexico,2004,3,7
New Mexico,2004,4,1
New Mexico,2004,5,20
New Mexico,2004,6,23
New Mexico,2004,7,19
New Mexico,2004,8,13
New Mexico,2004,9,9
New Mexico,2005,5,31
New Mexico,2005,6,41
New Mexico,2005,7,3
New Mexico,2005,8,12
New Mexico,2005,9,12
New Mexico,2005,10,31
New Mexico,2006,3,15
New Mexico,2006,4,12
New Mexico,2006,5,1
New Mexico,2006,6,2
New Mexico,2006,7,7
New Mexico,2006,8,1
New Mexico,2006,9,1
New Mexico,2006,10,1
New Mexico,2007,5,1
New Mexico,2007,6,12
New Mexico,2007,7,11
New Mexico,2007,8,47
New Mexico,2007,10,1
New Mexico,2008,3,31
New Mexico,2008,4,23
New Mexico,2008,5,32
New Mexico,2008,6,26
New Mexico,2008,7,39
New Mexico,2008,8,29
New Mexico,2008,9,10
New Mexico,2008,10,1
New Mexico,2009,3,33
New Mexico,2009,4,68
New Mexico,2009,5,15
New Mexico,2009,6,46
New Mexico,2009,7,925
New Mexico,2009,8,52
New Mexico,2009,9,25
New Mexico,2009,10,7
New Mexico,2010,3,2
New Mexico,2010,4,18
New Mexico,2010,5,15
New Mexico,2010,6,39
New Mexico,2010,7,1
New Mexico,2010,8,72
New Mexico,2010,9,37
New Mexico,2010,10,6
New Mexico,2011,3,10
New Mexico,2011,4,20
New Mexico,2011,5,13
New Mexico,2011,6,13
New Mexico,2011,7,13
New Mexico,2011,8,65
New Mexico,2011,9,13
New Mexico,2011,10,10
New Mexico,2012,3,44
New Mexico,2012,4,2
New Mexico,2012,5,6
New Mexico,2012,6,95
New Mexico,2012,7,104
New Mexico,2012,8,57
New Mexico,2012,9,103
New Mexico,2012,10,2
New Mexico,2013,3,1
New Mexico,2013,4,34
New Mexico,2013,5,47
New Mexico,2013,6,1
New Mexico,2013,7,1
New Mexico,2013,8,4
New Mexico,2013,9,6
New Mexico,2014,4,1
New Mexico,2014,5,1
New Mexico,2014,6,4
New Mexico,2014,7,2
New Mexico,2014,8,5
New Mexico,2014,9,1
New Mexico,2015,6,1
New Mexico,2015,7,4
New Mexico,2015,8,3
New Mexico,2015,9,27
New Mexico,2015,10,2
New Mexico,2015,11,2
New Mexico,2016,7,6
New Mexico,2016,9,9
New Mexico,2016,10,1
New Mexico,2017,8,5
New Mexico,2017,9,6
New Mexico,2018,8,7
New Mexico,2018,9,1
New Mexico,2019,8,97
New Mexico,2019,9,1
New Mexico,2021,8,1
New Mexico,2021,9,19
New Mexico,2022,5,2
New Mexico,2022,8,36
New Mexico,2023,7,1
New Mexico,2023,8,145
New Mexico,2024,8,197
New York,2000,5,1
New York,2000,7,1
New York,2000,8,5
New York,2000,10,3
New York,2001,8,1
New York,2004,8,1
New York,2005,9,15
New York,2006,6,2
New York,2006,7,1
New York,2007,6,1
New York,2008,5,2
New York,2009,7,156
New York,2009,8,3
New York,2010,7,1
New York,2011,5,11
New York,2011,6,5
New York,2011,8,5
New York,2011,9,4
New York,2012,3,1
New York,2012,4,2
New York,2012,5,42
New York,2012,6,33
New York,2012,7,15
New York,2012,8,12
New York,2012,9,1
New York,2013,7,4
New York,2014,8,1
New York,2015,6,2
New York,2017,9,1
New York,2018,4,130
New York,2018,5,46
New York,2018,7,163
New York,2018,10,1
New York,2019,4,1
New York,2019,5,391
New York,2019,6,24
New York,2019,7,79
New York,2019,8,3
New York,2020,6,2
New York,2020,7,2
New York,2020,8,2
New York,2020,9,1
New York,2022,9,9
North Carolina,2001,5,2
North Carolina,2001,6,1
North Carolina,2001,7,1
North Carolina,2002,5,37
North Carolina,2002,6,6
North Carolina,2002,7,3
North Carolina,2002,8,3
North Carolina,2002,9,3
North Carolina,2003,4,10
North Carolina,2003,5,13
North Carolina,2003,6,85
North Carolina,2003,7,164
North Carolina,2003,8,107
North Carolina,2003,9,41
North Carolina,2004,4,1
North Carolina,2004,5,26
North Carolina,2004,6,39
North Carolina,2004,7,38
North Carolina,2004,8,14
North Carolina,2004,9,2
North Carolina,2005,3,1
North Carolina,2005,5,2
North Carolina,2006,5,3
North Carolina,2006,7,4
North Carolina,2006,8,8
North Carolina,2006,9,4
North Carolina,2007,3,3
North Carolina,2007,4,4
North Carolina,2007,6,15
North Carolina,2007,7,6
North Carolina,2007,8,16
North Carolina,2007,9,16
North Carolina,2008,5,3
North Carolina,2008,7,8
North Carolina,2008,8,1
North Carolina,2008,9,5
North Carolina,2008,10,1
North Carolina,2009,3,4
North Carolina,2009,4,13
North Carolina,2009,5,2
North Carolina,2009,6,2
North Carolina,2009,7,31
North Carolina,2009,8,7
North Carolina,2009,9,3
North Carolina,2009,10,5
North Carolina,2010,3,2
North Carolina,2010,4,57
North Carolina,2010,5,2
North Carolina,2010,6,5
North Carolina,2010,10,2
North Carolina,2011,4,2
North Carolina,2011,6,8
North Carolina,2013,9,12
North Carolina,2013,10,3
North Carolina,2014,4,1
North Carolina,2015,6,216
North Carolina,2015,7,5
North Carolina,2016,5,2
North Carolina,2016,7,4
North Carolina,2017,5,4
North Carolina,2017,6,19
North Carolina,2018,5,3
North Carolina,2019,6,2
North Dakota,2000,6,14
North Dakota,2000,7,10
North Dakota,2000,8,237
North Dakota,2001,7,10
North Dakota,2001,8,1
North Dakota,2002,6,1
North Dakota,2008,8,18
North Dakota,2010,5,1
North Dakota,2010,6,2
North Dakota,2010,7,2
North Dakota,2010,8,15
North Dakota,2010,9,9
North Dakota,2011,5,2
North Dakota,2011,6,3
North Dakota,2011,9,1
North Dakota,2012,5,2
North Dakota,2012,7,1
North Dakota,2012,9,1
Ohio,2000,4,1
Ohio,2002,5,1
Ohio,2002,6,14
Ohio,2002,7,1
Ohio,2003,4,2
Ohio,2003,5,5
Ohio,2003,6,5
Ohio,2003,7,8
Ohio,2003,8,2
Ohio,2003,9,2
Ohio,2003,10,1
Ohio,2004,6,5
Ohio,2004,7,1
Ohio,2004,10,3
Ohio,2005,5,6
Ohio,2005,6,2
Ohio,2005,8,4
Ohio,2006,4,1
Ohio,2006,5,1
Ohio,2008,7,1
Ohio,2008,8,6
Ohio,2008,9,8
Ohio,2008,10,5
Ohio,2009,7,25
Ohio,2009,8,3
Ohio,2009,9,3
Ohio,2009,10,3
Ohio,2010,6,1
Ohio,2010,7,1
Ohio,2010,8,3
Ohio,2010,9,2
Ohio,2011,6,75
Ohio,2011,8,3
Ohio,2011,9,16
Ohio,2011,10,8
Ohio,2012,8,2
Ohio,2012,9,4
Ohio,2013,7,2
Ohio,2013,8,3
Ohio,2013,9,9
Ohio,2013,10,3
Ohio,2014,8,1
Ohio,2014,9,5
Ohio,2014,10,4
Ohio,2015,5,74
Ohio,2015,6,74
Ohio,2015,7,2
Ohio,2015,9,2
Ohio,2016,4,1
Ohio,2016,5,1
Ohio,2016,7,2
Ohio,2016,8,8
Ohio,2016,9,10
Ohio,2016,10,2
Ohio,2016,11,1
Ohio,2017,4,1
Ohio,2017,9,5
Ohio,2017,10,2
Ohio,2018,7,3
Ohio,2018,8,2
Ohio,2019,8,1
Ohio,2019,10,2
Oklahoma,2001,4,1
Oklahoma,2002,4,22
Oklahoma,2002,6,28
Oklahoma,2002,7,1
Oklahoma,2002,8,15
Oklahoma,2002,9,6
Oklahoma,2002,10,7
Oklahoma,2003,6,1
Oklahoma,2003,7,1
Oklahoma,2004,5,6
Oklahoma,2005,11,1
Oklahoma,2007,6,2
Oklahoma,2008,7,3
Oklahoma,2008,9,1
Oklahoma,2009,8,5
Oklahoma,2011,9,1
Oklahoma,2012,4,2
Oklahoma,2014,9,1
Oklahoma,2015,5,1
Oklahoma,2016,7,1
Oregon,2000,7,2
Oregon,2001,4,1
Oregon,2001,5,3
Oregon,2001,6,3
Oregon,2001,7,1
Oregon,2002,8,6
Oregon,2003,6,73
Oregon,2003,7,26
Oregon,2004,5,3
Oregon,2004,6,1
Oregon,2005,4,6
Oregon,2005,5,2
Oregon,2005,6,8
Oregon,2005,7,1
Oregon,2005,8,1
Oregon,2006,8,3
Oregon,2007,3,2
Oregon,2007,5,1
Oregon,2007,6,7
Oregon,2007,7,370
Oregon,2007,8,1
Oregon,2008,7,2002
Oregon,2009,7,1504
Oregon,2010,7,109
Oregon,2011,7,13
Oregon,2011,8,34
Oregon,2011,9,1
Oregon,2012,4,85
Oregon,2012,5,199
Oregon,2012,6,152
Oregon,2012,7,4
Oregon,2014,5,1
Oregon,2014,7,1
Oregon,2015,3,13
Oregon,2015,4,1
Oregon,2015,7,210
Oregon,2016,4,2
Oregon,2017,5,1
Oregon,2017,6,10
Oregon,2017,7,38
Oregon,2017,8,29
Oregon,2017,9,20
Oregon,2018,3,23
Oregon,2018,4,159
Oregon,2018,5,744
Oregon,2018,6,643
Oregon,2018,7,696
Oregon,2018,8,939
Oregon,2018,9,272
Oregon,2018,10,24
Oregon,2018,11,2
Oregon,2019,3,145
Oregon,2019,4,661
Oregon,2019,5,1386
Oregon,2019,6,1733
Oregon,2019,7,1818
Oregon,2019,8,1723
Oregon,2019,9,461
Oregon,2019,10,23
Oregon,2019,11,5
Oregon,2019,12,2
Oregon,2020,8,5
Pennsylvania,2001,5,4
Pennsylvania,2001,7,2
Pennsylvania,2001,8,1
Pennsylvania,2001,9,1
Pennsylvania,2002,5,2
Pennsylvania,2002,6,27
Pennsylvania,2002,7,52
Pennsylvania,2003,6,14
Pennsylvania,2003,7,17
Pennsylvania,2003,8,22
Pennsylvania,2003,9,1
Pennsylvania,2003,10,14
Pennsylvania,2004,7,7
Pennsylvania,2005,4,1
Pennsylvania,2005,7,4
Pennsylvania,2005,8,23
Pennsylvania,2007,4,8
Pennsylvania,2007,5,38
Pennsylvania,2007,6,15
Pennsylvania,2007,7,101
Pennsylvania,2007,8,23
Pennsylvania,2007,9,15
Pennsylvania,2008,4,208
Pennsylvania,2008,5,154
Pennsylvania,2008,6,169
Pennsylvania,2008,7,390
Pennsylvania,2008,8,371
Pennsylvania,2008,9,96
Pennsylvania,2008,10,49
Pennsylvania,2009,4,74
Pennsylvania,2009,5,194
Pennsylvania,2009,6,71
Pennsylvania,2009,7,176
Pennsylvania,2009,8,263
Pennsylvania,2009,9,205
Pennsylvania,2009,10,118
Pennsylvania,2010,4,66
Pennsylvania,2010,5,52
Pennsylvania,2010,6,105
Pennsylvania,2010,7,117
Pennsylvania,2010,8,82
Pennsylvania,2010,9,61
Pennsylvania,2010,10,21
Pennsylvania,2011,4,47
Pennsylvania,2011,5,279
Pennsylvania,2011,6,236
Pennsylvania,2011,7,324
Pennsylvania,2011,8,262
Pennsylvania,2011,9,53
Pennsylvania,2011,10,60
Pennsylvania,2012,3,41
Pennsylvania,2012,4,259
Pennsylvania,2012,5,1738
Pennsylvania,2012,6,1685
Pennsylvania,2012,7,2339
Pennsylvania,2012,8,1865
Pennsylvania,2012,9,379
Pennsylvania,2012,10,499
Pennsylvania,2012,11,1
Pennsylvania,2013,4,203
Pennsylvania,2013,5,702
Pennsylvania,2013,6,1226
Pennsylvania,2013,7,2174
Pennsylvania,2013,8,1117
Pennsylvania,2013,9,362
Pennsylvania,2013,10,61
Pennsylvania,2014,4,325
Pennsylvania,2014,5,668
Pennsylvania,2014,6,1217
Pennsylvania,2014,7,2213
Pennsylvania,2014,8,1622
Pennsylvania,2014,9,626
Pennsylvania,2014,10,447
Pennsylvania,2014,11,22
Pennsylvania,2015,4,526
Pennsylvania,2015,5,3631
Pennsylvania,2015,6,2268
Pennsylvania,2015,7,3411
Pennsylvania,2015,8,1972
Pennsylvania,2015,9,331
Pennsylvania,2015,10,152
Pennsylvania,2016,3,99
Pennsylvania,2016,4,532
Pennsylvania,2016,5,2071
Pennsylvania,2016,6,1888
Pennsylvania,2016,7,2358
Pennsylvania,2016,8,1809
Pennsylvania,2016,9,497
Pennsylvania,2016,10,396
Pennsylvania,2017,3,11
Pennsylvania,2017,4,277
Pennsylvania,2017,5,1785
Pennsylvania,2017,6,2601
Pennsylvania,2017,7,2259
Pennsylvania,2017,8,1567
Pennsylvania,2017,9,446
Pennsylvania,2017,10,435
Pennsylvania,2018,4,40
Pennsylvania,2018,5,764
Pennsylvania,2018,6,1006
Pennsylvania,2018,7,1893
Pennsylvania,2018,8,1951
Pennsylvania,2018,9,206
Pennsylvania,2018,10,9
Pennsylvania,2019,4,52
Pennsylvania,2019,5,299
Pennsylvania,2019,6,341
Pennsylvania,2019,7,1489
Pennsylvania,2019,8,1978
Pennsylvania,2019,9,386
Pennsylvania,2019,10,36
Pennsylvania,2019,11,1
Pennsylvania,2020,3,3
Pennsylvania,2020,4,39
Pennsylvania,2020,5,248
Pennsylvania,2020,6,533
Pennsylvania,2020,7,1910
Pennsylvania,2020,8,666
Pennsylvania,2020,9,106
Pennsylvania,2020,10,15
Pennsylvania,2021,3,22
Pennsylvania,2021,4,118
Pennsylvania,2021,5,776
Pennsylvania,2021,6,1626
Pennsylvania,2021,7,2096
Pennsylvania,2021,8,1188
Pennsylvania,2021,9,234
Pennsylvania,2021,10,38
Pennsylvania,2022,3,56
Pennsylvania,2022,4,171
Pennsylvania,2022,5,690
Pennsylvania,2022,6,920
Pennsylvania,2022,7,2385
Pennsylvania,2022,8,1265
Pennsylvania,2022,9,413
Pennsylvania,2022,10,166
Pennsylvania,2022,11,33
Pennsylvania,2023,4,90
Pennsylvania,2023,5,408
Pennsylvania,2023,6,899
Pennsylvania,2023,7,2076
Pennsylvania,2023,8,2122
Pennsylvania,2023,9,255
Pennsylvania,2023,10,157
Pennsylvania,2023,11,1
Pennsylvania,2024,6,1
Pennsylvania,2024,7,7
Pennsylvania,2024,8,9
Pennsylvania,2024,9,18
Pennsylvania,2024,11,1
Pennsylvania,2025,3,3
Pennsylvania,2025,7,1
Pennsylvania,2025,8,2
Rhode Island,2002,6,1
Rhode Island,2008,5,2
South Carolina,2005,4,1
South Carolina,2006,5,4
South Carolina,2006,9,28
South Carolina,2006,10,5
South Carolina,2007,6,12
South Carolina,2007,9,1
South Carolina,2009,3,3
South Carolina,2009,4,4
South Carolina,2009,7,12
South Carolina,2012,4,2
South Carolina,2012,5,4
South Carolina,2013,5,4
South Carolina,2013,6,2
South Carolina,2013,7,9
South Carolina,2013,8,2
South Carolina,2014,3,2
South Carolina,2014,4,24
South Carolina,2015,4,4
South Carolina,2015,7,6
South Carolina,2015,10,1
South Carolina,2016,3,8
South Carolina,2016,4,1
South Carolina,2016,5,13
South Carolina,2016,6,35
South Carolina,2016,7,9
South Carolina,2016,9,6
South Carolina,2016,10,97
South Carolina,2017,6,7
South Carolina,2017,7,2
South Carolina,2017,8,2
South Carolina,2017,9,3
South Carolina,2017,10,12
South Carolina,2018,3,11
South Carolina,2018,4,31
South Carolina,2018,5,8
South Carolina,2018,6,31
South Carolina,2018,7,182
South Carolina,2018,8,46
South Carolina,2018,9,259
South Carolina,2018,10,72
South Carolina,2019,7,6
South Carolina,2019,8,2
South Carolina,2021,7,3
South Carolina,2022,6,3
South Dakota,2000,7,1
South Dakota,2003,6,1
South Dakota,2004,6,2
South Dakota,2005,7,1
South Dakota,2005,8,1
South Dakota,2006,6,1
South Dakota,2006,8,5
South Dakota,2007,2,1
South Dakota,2007,5,1
South Dakota,2007,6,1
South Dakota,2007,7,1
South Dakota,2007,8,1
South Dakota,2008,8,37
South Dakota,2009,6,59
South Dakota,2009,7,95
South Dakota,2009,8,20
South Dakota,2010,6,2
South Dakota,2010,7,94
South Dakota,2011,5,4
South Dakota,2011,8,1
South Dakota,2012,6,2
South Dakota,2012,7,1
South Dakota,2013,6,1
South Dakota,2013,7,51
South Dakota,2014,6,2
South Dakota,2014,7,6
South Dakota,2015,9,1
South Dakota,2016,8,23
South Dakota,2019,5,1
Tennessee,2000,5,4
Tennessee,2001,2,2
Tennessee,2001,4,1
Tennessee,2001,5,3
Tennessee,2001,6,4
Tennessee,2001,7,2
Tennessee,2001,8,1
Tennessee,2002,4,1
Tennessee,2002,5,20
Tennessee,2002,6,4
Tennessee,2002,7,4
Tennessee,2002,8,4
Tennessee,2002,9,24
Tennessee,2002,10,4
Tennessee,2003,4,146
Tennessee,2003,5,6
Tennessee,2003,6,30
Tennessee,2003,7,79
Tennessee,2003,8,13
Tennessee,2003,9,4
Tennessee,2003,10,9
Tennessee,2004,3,3
Tennessee,2004,4,139
Tennessee,2004,5,83
Tennessee,2004,6,87
Tennessee,2004,7,19
Tennessee,2004,8,15
Tennessee,2004,9,46
Tennessee,2004,10,1
Tennessee,2006,3,1
Tennessee,2006,8,1
Tennessee,2007,7,11
Tennessee,2009,7,46
Tennessee,2009,9,2
Tennessee,2010,6,10
Tennessee,2010,8,3
Tennessee,2010,9,1
Tennessee,2011,6,4
Tennessee,2012,6,1
Tennessee,2015,7,5
Tennessee,2017,4,2
Tennessee,2019,4,23
Tennessee,2022,4,9
Tennessee,2023,9,1
Texas,2000,2,3
Texas,2000,3,8
Texas,2000,4,4
Texas,2000,5,2
Texas,2000,6,2
Texas,2000,8,5
Texas,2000,9,101
Texas,2000,10,1
Texas,2001,4,5
Texas,2001,5,4
Texas,2001,6,6
Texas,2001,8,8
Texas,2001,9,4
Texas,2002,3,1
Texas,2002,4,2
Texas,2002,5,9
Texas,2002,7,1
Texas,2002,8,2
Texas,2002,9,18
Texas,2003,4,1
Texas,2003,5,5
Texas,2003,6,3
Texas,2003,7,3
Texas,2003,8,2
Texas,2003,9,6
Texas,2003,10,13
Texas,2003,11,3
Texas,2004,4,1
Texas,2004,5,4
Texas,2004,6,1
Texas,2004,9,1
Texas,2004,10,6
Texas,2005,3,1
Texas,2005,4,3
Texas,2005,5,10
Texas,2005,6,1
Texas,2005,7,4
Texas,2005,9,6
Texas,2005,10,6
Texas,2005,11,5
Texas,2005,12,2
Texas,2006,1,1
Texas,2006,5,5
Texas,2006,6,2
Texas,2006,9,8
Texas,2006,10,1
Texas,2007,4,4
Texas,2007,5,9
Texas,2007,7,3
Texas,2007,9,5
Texas,2007,10,1
Texas,2008,2,1
Texas,2008,4,2
Texas,2008,5,4
Texas,2008,7,14
Texas,2008,8,2
Texas,2008,9,15
Texas,2008,10,6
Texas,2008,11,1
Texas,2009,4,1
Texas,2009,7,3
Texas,2009,8,2
Texas,2009,9,6
Texas,2009,10,7
Texas,2009,11,11
Texas,2010,3,1
Texas,2010,4,1
Texas,2010,7,1
Texas,2010,8,2
Texas,2010,9,5
Texas,2010,10,4
Texas,2011,4,1
Texas,2011,5,24
Texas,2011,6,4
Texas,2011,9,9
Texas,2011,10,5
Texas,2011,11,1
Texas,2012,5,10
Texas,2012,7,4
Texas,2012,8,3
Texas,2012,9,15
Texas,2012,10,6
Texas,2012,11,6
Texas,2013,4,1
Texas,2013,5,14
Texas,2013,7,1
Texas,2013,8,4
Texas,2013,9,27
Texas,2013,10,16
Texas,2013,11,2
Texas,2014,4,1
Texas,2014,6,4
Texas,2014,8,6
Texas,2014,9,17
Texas,2014,10,9
Texas,2014,11,1
Texas,2015,2,1
Texas,2015,4,6
Texas,2015,7,104
Texas,2015,8,11
Texas,2015,9,29
Texas,2015,10,4
Texas,2016,4,69
Texas,2016,5,246
Texas,2016,6,65
Texas,2016,7,337
Texas,2016,8,313
Texas,2016,9,246
Texas,2016,10,137
Texas,2016,11,1
Texas,2017,3,6
Texas,2017,4,3
Texas,2017,5,1
Texas,2017,6,6
Texas,2017,7,1
Texas,2017,8,7
Texas,2017,9,39
Texas,2017,10,2
Texas,2017,11,2
Texas,2018,4,11
Texas,2018,6,1
Texas,2018,7,1
Texas,2018,8,20
Texas,2018,9,6
Texas,2018,10,9
Texas,2018,11,1
Texas,2019,1,1
Texas,2019,3,1
Texas,2019,4,1
Texas,2019,6,2
Texas,2019,7,2
Texas,2019,9,16
Texas,2019,10,9
Texas,2019,11,1
Texas,2019,12,1
Texas,2020,2,1
Texas,2020,8,1
Texas,2020,9,7
Texas,2020,10,19
Texas,2020,11,8
Texas,2021,1,1
Texas,2021,3,3
Texas,2021,4,1
Texas,2021,7,3
Texas,2021,8,1
Texas,2021,9,13
Texas,2021,10,23
Texas,2021,11,35
Texas,2021,12,4
Texas,2022,3,3
Texas,2022,4,13
Texas,2022,5,7
Texas,2022,6,2
Texas,2022,7,10
Texas,2022,8,2
Texas,2022,9,42
Texas,2022,10,32
Texas,2022,11,9
Texas,2023,4,1
Texas,2023,5,2
Texas,2023,6,3
Texas,2023,9,30
Texas,2023,10,36
Texas,2023,11,1
Texas,2024,3,3
Texas,2024,5,8
Texas,2024,6,1
Texas,2024,7,1
Texas,2024,8,10
Texas,2024,9,17
Texas,2024,10,23
Texas,2024,11,23
Texas,2025,3,2
Texas,2025,4,1
Texas,2025,6,3
Utah,2000,4,170
Utah,2000,5,2140
Utah,2000,6,2384
Utah,2000,7,1360
Utah,2000,8,1369
Utah,2000,9,572
Utah,2000,10,130
Utah,2001,3,1
Utah,2001,4,125
Utah,2001,5,1485
Utah,2001,6,756
Utah,2001,7,636
Utah,2001,8,801
Utah,2001,9,522
Utah,2001,10,68
Utah,2002,3,1
Utah,2002,4,173
Utah,2002,5,1867
Utah,2002,6,2358
Utah,2002,7,867
Utah,2002,8,757
Utah,2002,9,547
Utah,2002,10,347
Utah,2003,3,4
Utah,2003,4,48
Utah,2003,5,1094
Utah,2003,6,869
Utah,2003,7,525
Utah,2003,8,1073
Utah,2003,9,1330
Utah,2003,10,139
Utah,2004,5,5
Utah,2004,6,1
Utah,2004,7,6
Utah,2004,10,5
Utah,2005,5,1
Utah,2005,6,1
Utah,2005,7,5
Utah,2005,8,13
Utah,2005,9,4
Utah,2006,5,3
Utah,2006,6,24
Utah,2006,7,5
Utah,2006,8,5
Utah,2006,9,15
Utah,2006,10,1
Utah,2007,4,25
Utah,2007,5,46
Utah,2007,6,49
Utah,2007,7,15
Utah,2007,8,547
Utah,2007,9,1
Utah,2007,10,2
Utah,2008,5,66
Utah,2008,6,37
Utah,2008,7,1208
Utah,2008,8,725
Utah,2008,9,131
Utah,2009,7,19
Utah,2009,8,226
Utah,2009,9,2
Utah,2010,4,35
Utah,2010,5,9
Utah,2010,6,159
Utah,2010,7,4
Utah,2010,9,2
Utah,2011,5,8
Utah,2011,7,1
Utah,2011,8,5
Utah,2011,9,5
Utah,2012,3,1
Utah,2012,4,1
Utah,2012,5,18
Utah,2012,6,12
Utah,2012,8,2
Utah,2012,10,16
Utah,2013,5,215
Utah,2013,6,1
Utah,2013,7,26
Utah,2013,8,68
Utah,2013,9,2
Utah,2014,5,250
Utah,2014,6,379
Utah,2014,7,261
Utah,2014,8,163
Utah,2014,9,5
Utah,2015,4,1
Utah,2015,5,167
Utah,2015,6,134
Utah,2015,7,121
Utah,2015,8,230
Utah,2015,10,1
Utah,2016,5,199
Utah,2016,6,240
Utah,2016,7,206
Utah,2016,8,63
Utah,2016,9,14
Utah,2017,5,180
Utah,2017,6,119
Utah,2017,7,106
Utah,2017,8,144
Utah,2017,9,32
Utah,2018,4,165
Utah,2018,5,204
Utah,2018,6,181
Utah,2018,7,262
Utah,2018,8,130
Utah,2018,9,13
Utah,2018,10,2
Utah,2019,4,46
Utah,2019,5,2
Utah,2019,6,106
Utah,2019,7,195
Utah,2019,8,195
Utah,2019,9,51
Utah,2019,10,2
Utah,2020,8,3
Utah,2020,9,22
Utah,2021,4,1
Utah,2021,5,67
Utah,2021,6,24
Utah,2021,7,38
Utah,2021,8,52
Utah,2021,9,21
Utah,2022,2,2
Utah,2022,3,4
Utah,2022,6,6
Vermont,2000,5,1
Vermont,2000,6,4
Vermont,2000,7,5
Vermont,2000,8,9
Vermont,2000,9,29
Vermont,2000,10,9
Vermont,2001,1,4
Vermont,2001,7,8
Vermont,2001,8,7
Vermont,2001,9,2
Vermont,2002,5,1
Vermont,2002,6,4
Vermont,2002,7,4
Vermont,2002,8,5
Vermont,2002,9,7
Vermont,2002,10,3
Vermont,2003,4,1
Vermont,2003,5,7
Vermont,2003,6,9
Vermont,2003,8,4
Vermont,2004,5,3
Vermont,2004,7,14
Vermont,2004,8,6
Vermont,2004,9,28
Vermont,2004,10,2
Vermont,2005,4,5
Vermont,2005,5,10
Vermont,2005,6,13
Vermont,2005,7,58
Vermont,2005,8,72
Vermont,2005,9,33
Vermont,2005,10,5
Vermont,2006,4,6
Vermont,2006,5,9
Vermont,2006,6,4
Vermont,2006,7,12
Vermont,2006,8,5
Vermont,2006,9,9
Vermont,2006,10,4
Vermont,2007,4,3
Vermont,2007,5,16
Vermont,2007,6,22
Vermont,2007,7,47
Vermont,2007,8,45
Vermont,2007,9,21
Vermont,2007,10,5
Vermont,2008,4,2
Vermont,2008,5,17
Vermont,2008,6,24
Vermont,2008,7,44
Vermont,2008,8,39
Vermont,2008,9,17
Vermont,2008,10,6
Vermont,2009,4,37
Vermont,2009,5,11
Vermont,2009,7,42
Vermont,2009,8,16
Vermont,2009,9,2
Vermont,2009,10,2
Vermont,2010,4,8
Vermont,2010,5,4
Vermont,2010,6,4
Vermont,2010,7,2
Vermont,2010,8,24
Vermont,2011,5,2
Vermont,2011,6,101
Vermont,2011,7,27
Vermont,2011,8,8
Vermont,2011,9,31
Vermont,2011,10,11
Vermont,2012,4,7
Vermont,2012,5,108
Vermont,2012,6,314
Vermont,2012,7,959
Vermont,2012,8,2751
Vermont,2012,9,330
Vermont,2012,10,9
Vermont,2013,4,8
Vermont,2013,5,316
Vermont,2013,6,499
Vermont,2013,7,2374
Vermont,2013,8,1625
Vermont,2013,9,391
Vermont,2013,10,35
Vermont,2014,5,206
Vermont,2014,6,186
Vermont,2014,7,34
Vermont,2014,8,49
Vermont,2014,9,1
Vermont,2015,5,202
Vermont,2015,6,102
Vermont,2015,7,165
Vermont,2015,8,2
Vermont,2015,9,97
Vermont,2016,5,73
Vermont,2016,6,391
Vermont,2016,7,22
Vermont,2016,8,5
Vermont,2016,9,1
Vermont,2017,5,141
Vermont,2017,6,470
Vermont,2017,7,11
Vermont,2017,8,1
Vermont,2017,9,2
Vermont,2017,10,1
Vermont,2018,5,52
Vermont,2018,6,18
Vermont,2018,7,33
Vermont,2018,8,23
Vermont,2018,9,11
Vermont,2019,5,1
Vermont,2019,6,13
Vermont,2019,7,73
Vermont,2019,8,28
Vermont,2019,9,1
Vermont,2020,5,11
Vermont,2020,6,18
Vermont,2020,7,46
Vermont,2020,8,24
Vermont,2020,9,3
Vermont,2021,3,6
Vermont,2021,4,23
Vermont,2021,5,15
Vermont,2021,6,85
Vermont,2021,7,44
Vermont,2021,8,38
Vermont,2021,9,16
Vermont,2022,4,8
Vermont,2022,5,99
Vermont,2022,6,57
Vermont,2022,7,51
Vermont,2022,8,17
Vermont,2022,9,1
Vermont,2022,10,2
Vermont,2023,5,1
Vermont,2023,6,6
Vermont,2023,7,2
Vermont,2023,8,28
Vermont,2023,9,6
Virginia,2000,10,2
Virginia,2001,9,1
Virginia,2002,7,3
Virginia,2003,8,1
Virginia,2006,7,26
Virginia,2006,8,6
Virginia,2007,5,3
Virginia,2007,6,1
Virginia,2007,7,20
Virginia,2007,8,16
Virginia,2007,9,7
Virginia,2008,4,1
Virginia,2008,5,4
Virginia,2008,6,1
Virginia,2008,7,9
Virginia,2008,8,16
Virginia,2009,4,3
Virginia,2009,5,14
Virginia,2009,6,14
Virginia,2009,7,43
Virginia,2009,8,50
Virginia,2010,4,2
Virginia,2010,6,29
Virginia,2010,7,6
Virginia,2010,8,9
Virginia,2012,7,1
Virginia,2013,9,1
Virginia,2014,4,8
Virginia,2014,5,1
Virginia,2014,6,3
Virginia,2014,8,4
Virginia,2015,4,2
Virginia,2015,6,10
Virginia,2015,7,7
Virginia,2016,5,3
Virginia,2016,6,1
Virginia,2017,5,28
Virginia,2017,6,13
Virginia,2017,7,1
Virginia,2017,8,27
Virginia,2017,9,39
Virginia,2018,4,8
Virginia,2018,6,28
Virginia,2018,7,11
Virginia,2018,8,14
Virginia,2019,8,1
Virginia,2019,9,2
Virginia,2019,10,1
Virginia,2020,8,1
Virginia,2021,4,29
Virginia,2021,5,18
Virginia,2021,9,2
Virginia,2021,10,3
Virginia,2022,5,26
Virginia,2022,10,2
Virginia,2024,4,1
Virginia,2025,3,1
Washington,2000,6,1
Washington,2000,7,14
Washington,2001,5,10
Washington,2001,8,23
Washington,2002,7,4
Washington,2003,5,2
Washington,2003,7,2
Washington,2004,4,2
Washington,2004,6,36
Washington,2004,7,174
Washington,2004,8,250
Washington,2006,5,1
Washington,2006,7,2
Washington,2006,8,1
Washington,2006,9,3
Washington,2006,10,1
Washington,2007,4,19
Washington,2007,5,36
Washington,2007,6,67
Washington,2007,7,74
Washington,2007,8,1
Washington,2008,3,1
Washington,2008,4,20
Washington,2008,5,14
Washington,2008,6,24
Washington,2008,7,570
Washington,2008,8,290
Washington,2008,9,10
Washington,2008,10,2
Washington,2009,4,11
Washington,2009,5,15
Washington,2009,6,1374
Washington,2009,7,910
Washington,2009,8,37
Washington,2010,4,1
Washington,2010,5,12
Washington,2010,6,399
Washington,2010,7,3
Washington,2010,8,1
Washington,2010,9,132
Washington,2011,4,1
Washington,2011,5,20
Washington,2011,6,16
Washington,2011,7,36
Washington,2011,8,157
Washington,2011,9,64
Washington,2011,10,3
Washington,2012,4,55
Washington,2012,5,115
Washington,2012,6,77
Washington,2012,7,16
Washington,2012,8,279
Washington,2012,9,118
Washington,2013,6,24
Washington,2013,7,51
Washington,2013,8,1
Washington,2013,9,2
Washington,2014,4,111
Washington,2014,5,279
Washington,2014,6,457
Washington,2014,7,146
Washington,2015,3,38
Washington,2015,4,252
Washington,2015,5,1036
Washington,2015,6,461
Washington,2015,7,405
Washington,2015,8,75
Washington,2016,7,7
Washington,2017,7,1
Washington,2018,4,1
Washington,2018,6,1
Washington,2019,6,2
Washington,2019,7,1
Washington,2020,5,1
Washington,2020,6,1
Washington,2020,8,1
Washington,2020,9,2
Washington,2020,10,1
Washington,2021,4,8
Washington,2021,5,4
Washington,2022,6,5
Washington,2023,4,1
Washington,2023,5,52
Washington,2023,6,73
Washington,2023,7,153
Washington,2023,8,50
Washington,2023,9,46
Washington,2023,10,15
Washington,2024,2,6
Washington,2024,3,22
Washington,2024,4,93
Washington,2024,5,376
Washington,2024,6,430
Washington,2024,7,390
Washington,2024,8,256
Washington,2024,9,206
Washington,2024,10,8
West Virginia,2003,5,4
West Virginia,2005,5,5
West Virginia,2005,7,27
West Virginia,2006,8,26
West Virginia,2006,9,4
West Virginia,2007,8,5
West Virginia,2007,9,4
West Virginia,2008,5,1
West Virginia,2008,6,6
West Virginia,2008,7,2
West Virginia,2008,9,5
West Virginia,2009,6,1
West Virginia,2009,7,2
West Virginia,2009,8,1
West Virginia,2009,9,4
West Virginia,2010,7,6
West Virginia,2010,9,5
West Virginia,2011,5,1
West Virginia,2012,6,2
West Virginia,2013,7,2
West Virginia,2016,6,1
West Virginia,2017,6,5
West Virginia,2018,8,2
West Virginia,2019,6,67
West Virginia,2019,7,6
West Virginia,2019,8,6
West Virginia,2020,5,4
West Virginia,2022,4,7
West Virginia,2022,5,7
Wisconsin,2000,7,1
Wisconsin,2000,8,3
Wisconsin,2000,9,2
Wisconsin,2001,8,3
Wisconsin,2002,9,1
Wisconsin,2003,10,1
Wisconsin,2005,6,11
Wisconsin,2005,7,29
Wisconsin,2005,8,34
Wisconsin,2006,8,4
Wisconsin,2008,6,14
Wisconsin,2008,8,20
Wisconsin,2009,7,28
Wisconsin,2014,5,1
Wisconsin,2014,6,2
Wisconsin,2015,5,2
Wisconsin,2015,7,1
Wisconsin,2015,8,212
Wisconsin,2016,6,1
Wisconsin,2018,6,2
Wisconsin,2019,7,1
Wyoming,2000,5,8
Wyoming,2000,6,7
Wyoming,2000,7,25
Wyoming,2000,8,26
Wyoming,2000,9,5
Wyoming,2001,5,2
Wyoming,2001,6,9
Wyoming,2001,7,12
Wyoming,2001,8,9
Wyoming,2001,9,5
Wyoming,2002,6,1
Wyoming,2002,8,1
Wyoming,2004,5,1
Wyoming,2004,6,25
Wyoming,2004,7,18
Wyoming,2004,8,27
Wyoming,2004,9,5
Wyoming,2005,4,1
Wyoming,2005,5,16
Wyoming,2005,6,3
Wyoming,2005,7,17
Wyoming,2005,8,5
Wyoming,2005,9,3
Wyoming,2006,7,3
Wyoming,2006,9,20
Wyoming,2007,6,4
Wyoming,2008,6,3
Wyoming,2008,7,36
Wyoming,2008,8,313
Wyoming,2008,9,3
Wyoming,2009,6,4
Wyoming,2009,7,18
Wyoming,2009,8,773
Wyoming,2009,9,4
Wyoming,2010,5,6
Wyoming,2010,6,12
Wyoming,2010,7,13
Wyoming,2010,8,5
Wyoming,2010,9,35
Wyoming,2011,6,9
Wyoming,2011,7,32
Wyoming,2011,8,93
Wyoming,2012,3,2
Wyoming,2012,5,3
Wyoming,2012,6,45
Wyoming,2013,6,1
Wyoming,2013,7,26
Wyoming,2013,8,31
Wyoming,2013,9,3
Wyoming,2014,6,4
Wyoming,2014,7,17
Wyoming,2014,8,1
Wyoming,2015,8,1
Wyoming,2016,6,1
Wyoming,2017,6,1
Wyoming,2017,7,1
Wyoming,2018,8,1
Wyoming,2018,9,5
Wyoming,2018,10,1
Wyoming,2019,8,55
Wyoming,2019,10,1
Wyoming,2020,6,2
Wyoming,2020,7,4
Wyoming,2020,8,25
Wyoming,2020,9,3
Wyoming,2021,5,4
Wyoming,2021,6,8
Wyoming,2021,7,20
Wyoming,2021,9,7
Wyoming,2022,7,5
Wyoming,2022,9,12
